,Title,poster_path
2913,Interstellar,https://image.tmdb.org/t/p/w500/gEU2QniE6E77NI6lCU6MxlNBvIx.jpg
2125,Spider-Man: Into the Spider-Verse,https://image.tmdb.org/t/p/w500/iiZZdoQBEYBv6id8su7ImL0oCbD.jpg
1981,Avengers: Infinity War,https://image.tmdb.org/t/p/w500/7WsyChQLEftFiDOVTGkv3hFpyyt.jpg
1740,Avengers: Endgame,https://image.tmdb.org/t/p/w500/or06FN3Dka5tukK1e9sl16pB3iy.jpg
3353,Django Unchained,https://image.tmdb.org/t/p/w500/7oWY8VDWW7thTzWh3OKYRkWUlD5.jpg
1416,Spider-Man: No Way Home,https://image.tmdb.org/t/p/w500/1g0dhYtq4irTY1GPXvft6k4YLjm.jpg
2346,Coco,https://image.tmdb.org/t/p/w500/gGEsBPAijhVUFoiNpgZXqRVWJt2.jpg
2900,Whiplash,https://image.tmdb.org/t/p/w500/7fn624j5lj3xTme2SgiLCeuedmO.jpg
1093,Avatar: The Way of Water,https://image.tmdb.org/t/p/w500/t6HIqrRAclMCA60NsSmeqe9RmNV.jpg
3168,The Wolf of Wall Street,https://image.tmdb.org/t/p/w500/34m2tygAYBGqA9MXKhRDtzYd4MR.jpg
2511,Hacksaw Ridge,https://image.tmdb.org/t/p/w500/jhWbYeUNOA5zAb6ufK6pXQFXqTX.jpg
1094,Puss in Boots: The Last Wish,https://image.tmdb.org/t/p/w500/kuf6dutpsT0vSVehic3EZIqkOBt.jpg
2641,Inside Out,https://image.tmdb.org/t/p/w500/2H1TmgdfNtsKlU9jKdeNyYL5y8T.jpg
2116,Green Book,https://image.tmdb.org/t/p/w500/7BsvSuDQuoqhWmU2fL7W2GOcZHU.jpg
2103,Bohemian Rhapsody,https://image.tmdb.org/t/p/w500/lHu1wtNaczFPGFDTrjCSzeLPTKN.jpg
2349,Call Me by Your Name,https://image.tmdb.org/t/p/w500/mZ4gBdfkhP9tvLH1DO4m4HYtiyi.jpg
1154,Zack Snyder's Justice League,https://image.tmdb.org/t/p/w500/tnAuB8q5vv7Ax9UAEje5Xi4BXik.jpg
2776,The Grand Budapest Hotel,https://image.tmdb.org/t/p/w500/eWdyYQreja6JGCzqHWXpWHDrrPo.jpg
3221,The Avengers,https://image.tmdb.org/t/p/w500/RYMX2wcKCBAr24UyPD7xwmjaTn.jpg
893,Top Gun: Maverick,https://image.tmdb.org/t/p/w500/62HCnUTziyWcpDaBO2i1DX17ljH.jpg
2891,Gone Girl,https://image.tmdb.org/t/p/w500/qymaJhucquUwjpb8oiqynMeXnID.jpg
1672,Soul,https://image.tmdb.org/t/p/w500/hm58Jw4Lw8OIeECIq5qyPYhAeRJ.jpg
3257,The Dark Knight Rises,https://image.tmdb.org/t/p/w500/85cWkCVftiVs0BVey6pxX8uNmLt.jpg
3112,Prisoners,https://image.tmdb.org/t/p/w500/jsS3a3ep2KyBVmmiwaz3LvK49b1.jpg
2176,Logan,https://image.tmdb.org/t/p/w500/fnbjcRDYn6YviCcePDnGdyAkYsB.jpg
2526,La La Land,https://image.tmdb.org/t/p/w500/uDO8zWDhfWwoFdKS4fzkUJt0Rf0.jpg
1898,1917,https://image.tmdb.org/t/p/w500/iZf0KyrE25z1sage4SYFLCCrMi9.jpg
2539,Hidden Figures,https://image.tmdb.org/t/p/w500/9lfz2W2uGjyow3am00rsPJ8iOyq.jpg
2443,Me Before You,https://image.tmdb.org/t/p/w500/Ia3dzj5LnCj1ZBdlVeJrbKJQxG.jpg
2389,Deadpool,https://image.tmdb.org/t/p/w500/fSRb7vyIP8rQpL0I47P3qUsEKX3.jpg
2218,Guardians of the Galaxy Vol. 2,https://image.tmdb.org/t/p/w500/y4MBh0EjBlMuOzv9axM4qJlmhzz.jpg
2339,"Three Billboards Outside Ebbing, Missouri",https://image.tmdb.org/t/p/w500/pZRhqJj0DBy4ghB7g6pU7MGHsWJ.jpg
1204,Cruella,https://image.tmdb.org/t/p/w500/wToO8opxkGwKgSfJ1JK8tGvkG6U.jpg
3161,Her,https://image.tmdb.org/t/p/w500/eCOtqtfvn7mxGl6nfmq4b1exJRc.jpg
3123,12 Years a Slave,https://image.tmdb.org/t/p/w500/xdANQijuNrJaw1HA61rDccME4Tm.jpg
2398,Zootopia,https://image.tmdb.org/t/p/w500/hlK0e0wAQ3VLuJcsfIYPvb4JVud.jpg
2916,Big Hero 6,https://image.tmdb.org/t/p/w500/2mxS4wUimwlLmI1xp6QW6NSU361.jpg
2343,Wonder,https://image.tmdb.org/t/p/w500/ouYgAatYH4JzIThj6FI3UYf31RI.jpg
1847,Jojo Rabbit,https://image.tmdb.org/t/p/w500/7GsM4mtM0worCtIVeiQt28HieeN.jpg
2686,The Martian,https://image.tmdb.org/t/p/w500/5BHuvQ6p9kfc091Z8RiFNhCwL4b.jpg
2695,Room,https://image.tmdb.org/t/p/w500/pCURNjeomWbMSdiP64gj8NVVHTQ.jpg
2791,Captain America: The Winter Soldier,https://image.tmdb.org/t/p/w500/tVFRpFw3xTedgPGqxW0AOI8Qhh0.jpg
1878,Knives Out,https://image.tmdb.org/t/p/w500/pThyQovXQrw2m0s9x82twj48Jq4.jpg
2332,Thor: Ragnarok,https://image.tmdb.org/t/p/w500/rzRwTcFvttcN1ZpX2xv4j3tSdJu.jpg
2626,Mad Max: Fury Road,https://image.tmdb.org/t/p/w500/hA2ple9q4qnwxp3hKVNhroipsir.jpg
2732,The Hateful Eight,https://image.tmdb.org/t/p/w500/jIywvdPjia2t3eKYbjVTcwBQlG8.jpg
2360,The Greatest Showman,https://image.tmdb.org/t/p/w500/b9CeobiihCx1uG1tpw8hXmpi7nm.jpg
2171,Get Out,https://image.tmdb.org/t/p/w500/mE24wUCfjK8AoBBjaMjho7Rczr7.jpg
1711,Five Feet Apart,https://image.tmdb.org/t/p/w500/kreTuJBkUjVWePRfhHZuYfhNE1T.jpg
2570,Kingsman: The Secret Service,https://image.tmdb.org/t/p/w500/ay7xwXn1G9fzX9TUBlkGA584rGi.jpg
